{
  "Gruszów": [
    50.885709,
    16.5572629
  ],
  "Strzegom": [
    50.9601066,
    16.3462134
  ],
  "Grodziszcze": [
    51.5531177,
    16.2011584
  ],
  "Podbrzezie Dolne": [
    51.7658131,
    15.6135444
  ],
  "Żarów": [
    50.9438416,
    16.4923538
  ]
}